Key,Sessions,Page Views,Orders ,Units ,Revenue ,Total Time Spent
Z_FBW1882,16804,74572,117,151,"23,990.00 ","3,839,270 "
Z_FBW2040,26678,55245,119,192,"19,536.50 ","2,523,771 "
Z_FBW1849,11856,49153,62,77,"11,586.50 ","2,417,796 "
Z_FBW1865,13151,40804,27,34,"5,622.50 ","2,393,382 "
Z_FBW1883,12184,47911,65,78,"11,862.50 ","2,382,299 "
Z_FBW1618,9087,34610,44,57,"10,113.00 ","2,267,268 "
Z_FBW1839,11090,34320,22,36,"5,876.00 ","2,180,314 "
Z_FBW1858,10112,39388,58,71,"11,134.50 ","1,934,920 "
Z_FBW1867,8918,31132,21,21,"4,238.00 ","1,916,509 "
Z_FBW1844,9496,28344,14,18,"2,206.00 ","1,761,764 "
Z_FBW1873,4366,15633,15,20,"2,702.50 ","808,655 "
Z_FBW1933,4251,15832,17,21,"4,300.50 ","754,635 "
Z_FBW1934,4295,14833,17,21,"3,548.00 ","692,362 "
Z_FBW2042,3146,9993,11,17,"2,621.00 ","668,593 "
Z_FBW1866,2504,7481,5,5,"1,127.00 ","481,965 "
Z_FBW1847,2896,9980,15,21,"2,206.50 ","477,594 "
Z_FBW1929,2341,9847,18,26,"4,885.50 ","461,693 "
Z_FBW1833,2127,6155,3,6,865.00 ,"419,797 "
Z_FBW1932,1267,7538,42,54,"8,677.00 ","416,073 "
Z_PFBW79,3749,8843,10,13,458.00 ,"357,041 "
Z_FBW1991,4053,7830,0,0,0.00 ,"306,129 "
Z_FBW1930,1655,6423,10,14,"2,163.00 ","299,541 "
Z_FBW1884,1599,6156,7,12,"1,665.00 ","292,657 "
Z_FBW1990,3640,7301,0,0,0.00 ,"280,387 "
Z_FBW1931,1000,4821,22,26,"5,142.00 ","266,925 "
Z_FBW1885,1745,5729,11,17,"2,139.50 ","255,870 "
Z_PFBW81,2808,6481,5,6,885.00 ,"254,463 "
Z_FBW1988,3230,6406,1,1,199.00 ,"250,457 "
Z_PFBW123,1422,4170,3,4,274.00 ,"246,018 "
Z_FBW1733,1810,4957,1,1,248.00 ,"245,098 "
Z_FBW1989,3184,6201,0,0,0.00 ,"238,586 "
Z_FBW1928,738,4021,21,34,"4,180.00 ","224,962 "
Z_PFBW87,2195,5456,10,15,"1,230.00 ","220,637 "
Z_FBW1743,1334,4035,1,1,263.00 ,"218,346 "
Z_FBW1983,2973,5660,0,0,0.00 ,"215,644 "
Z_FBW1860,1294,3691,3,5,593.00 ,"211,045 "
Z_FBW1982,2698,5334,1,1,249.00 ,"208,027 "
Z_FBW1876,806,3786,14,16,"2,524.50 ","201,579 "
Z_FBW1980,2782,5588,0,0,0.00 ,"198,733 "
Z_FBW1926,1541,3740,1,1,325.00 ,"198,637 "
Z_PFBW55,1499,4339,5,9,929.00 ,"195,021 "
Z_PFBW134,1027,3467,4,4,665.50 ,"185,978 "
Z_FBW1851,919,3507,7,8,"1,278.00 ","184,959 "
Z_FBW1981,2340,4547,0,0,0.00 ,"174,306 "
Z_FBW1951,1888,4013,1,1,102.00 ,"172,564 "
Z_PFBW125,945,2947,7,10,"1,376.00 ","171,069 "
Z_FBW1935,1122,3180,2,2,447.00 ,"168,989 "
Z_PFBW120,702,3093,3,5,672.00 ,"168,382 "
Z_PFBW130,920,2828,2,2,444.50 ,"166,770 "
Z_FBW1879,1020,3836,6,9,"1,140.00 ","161,408 "
Z_FBM797,819,3315,2,3,539.00 ,"156,839 "
Z_FBW1829,1489,3493,2,5,"1,177.00 ","153,542 "
Z_FBW1811,1838,3904,0,0,0.00 ,"153,168 "
Z_FBW1817,1475,3537,0,0,0.00 ,"152,366 "
Z_FBW1940,1939,3736,0,0,0.00 ,"149,726 "
Z_FBW1874,747,3206,4,6,"1,057.50 ","146,823 "
Z_FBW1859,641,2162,1,1,537.00 ,"146,074 "
Z_FBW1966,1330,2839,0,0,0.00 ,"145,242 "
Z_FBW1950,1508,3222,1,1,263.00 ,"142,655 "
Z_FBW1943,2064,3908,0,0,0.00 ,"141,974 "
Z_FBW1824,1307,3124,0,0,0.00 ,"139,797 "
Z_FBW1808,1842,3619,0,0,0.00 ,"139,683 "
Z_FBW1813,1447,3203,1,1,99.00 ,"137,837 "
Z_FBW1967,1834,3597,0,0,0.00 ,"136,548 "
Z_PFBW114,569,2289,4,4,668.00 ,"134,898 "
Z_FBW1942,1733,3334,0,0,0.00 ,"134,692 "
Z_FBW1806,1766,3533,0,0,0.00 ,"134,367 "
Z_PFBW97,1412,3241,6,6,300.00 ,"133,388 "
Z_FBW1964,1792,3637,0,0,0.00 ,"133,205 "
Z_FBW1941,1601,3165,1,1,263.00 ,"131,039 "
Z_FBW1887,779,2420,3,3,680.00 ,"130,537 "
Z_PFBW37,1489,3399,4,6,560.00 ,"129,952 "
Z_FBW1732,685,2404,2,2,357.00 ,"127,923 "
Z_FBW1878,715,2798,4,5,635.00 ,"127,893 "
Z_FBW1854,727,2771,2,5,481.00 ,"126,860 "
Z_FBW1872,709,2311,3,4,854.00 ,"123,023 "
Z_FBW1814,1223,2846,1,2,201.00 ,"123,015 "
Z_FBW1838,644,2175,3,4,566.00 ,"121,435 "
Z_FBW1863,771,2137,1,1,1.00 ,"121,010 "
Z_FBW1857,627,2276,3,3,298.00 ,"119,673 "
Z_FBW1948,1310,2795,0,0,0.00 ,"117,357 "
Z_FBW1841,729,1944,0,0,0.00 ,"117,184 "
Z_FBW1949,1207,2462,0,0,0.00 ,"116,985 "
Z_FBM825,768,2880,4,5,598.50 ,"116,949 "
Z_FBW1871,536,1834,2,3,580.00 ,"115,225 "
Z_FBW1925,1102,2604,0,0,0.00 ,"113,000 "
Z_FBW1855,658,2345,6,7,"1,333.00 ","112,868 "
Z_PFBW38,1208,2790,3,5,427.50 ,"110,666 "
Z_PFBW30,1131,2743,1,2,700.00 ,"110,609 "
Z_FBW1862,696,1960,1,1,390.00 ,"110,434 "
Z_FBW1965,1221,2397,0,0,0.00 ,"106,851 "
Z_FBW1870,538,1694,1,1,148.00 ,"106,549 "
Z_FBM841,724,2947,2,4,800.50 ,"103,453 "
Z_FBW1742,501,2043,2,2,372.00 ,"102,251 "
Z_PFBW118,586,1699,0,0,0.00 ,"102,088 "
Z_FBW1828,1337,2814,0,0,0.00 ,"102,060 "
Z_FBW1823,1480,2984,0,0,0.00 ,"102,056 "
Z_FBM820,662,2566,2,2,541.50 ,"101,938 "
Z_FBW1836,477,1547,0,0,0.00 ,"101,790 "
Z_FBW1958,1232,2395,0,0,0.00 ,"101,254 "
Z_FBW1727,730,2061,1,1,116.00 ,"101,176 "
Z_FBW1729,1064,2491,0,0,0.00 ,"100,431 "
Z_PFBW122,471,1707,3,3,485.00 ,"97,593 "
Z_FBW1868,460,1648,1,2,351.00 ,"95,664 "
Z_FBW1741,800,1947,0,0,0.00 ,"94,243 "
Z_FBW1880,499,1823,2,3,631.50 ,"94,077 "
Z_FBW1959,1311,2518,0,0,0.00 ,"92,525 "
Z_FBW1821,952,2251,0,0,0.00 ,"92,122 "
Z_PFBW136,449,1597,3,3,301.00 ,"91,541 "
Z_FBW1840,374,1222,1,2,358.00 ,"89,810 "
Z_FBW1739,765,2009,0,0,0.00 ,"89,803 "
Z_FBW1957,1055,1985,0,0,0.00 ,"88,884 "
Z_PFBW31,998,2230,3,4,417.50 ,"88,856 "
Z_FBW2001,1777,2761,0,0,0.00 ,"87,335 "
Z_PFBW330,386,1576,1,1,129.00 ,"87,216 "
Z_PFBW259,414,1899,1,1,295.00 ,"85,672 "
Z_PFBW93,977,2170,0,0,0.00 ,"84,772 "
Z_FBW1856,415,1742,3,4,420.00 ,"83,765 "
Z_FBW1819,1057,2250,0,0,0.00 ,"83,689 "
Z_PFBW99,361,1323,1,1,198.00 ,"83,136 "
Z_FBW1617,346,1060,1,1,209.00 ,"81,900 "
Z_FBW1975,924,1900,0,0,0.00 ,"81,809 "
Z_PFBW331,402,1523,2,6,374.00 ,"81,204 "
Z_FBW1956,1164,2243,1,1,102.00 ,"81,153 "
Z_PFBW127,473,1386,0,0,0.00 ,"80,709 "
Z_PFBW303,334,1169,0,0,0.00 ,"80,305 "
Z_PFBW69,830,2030,3,3,70.00 ,"78,005 "
Z_PFBW348,323,1257,0,0,0.00 ,"76,303 "
Z_PFBW231,453,1244,0,0,0.00 ,"74,865 "
Z_FBM792,416,1774,2,2,227.00 ,"71,160 "
Z_FBW1908,882,1257,0,0,0.00 ,"70,508 "
Z_PFBW268,360,1062,1,1,99.00 ,"69,976 "
Z_FBW1735,897,1824,2,2,181.00 ,"69,671 "
Z_FBW1843,450,1255,0,0,0.00 ,"69,268 "
Z_FBW1737,612,1498,1,1,165.00 ,"69,130 "
Z_PFBW105,405,1469,2,2,317.00 ,"68,388 "
Z_FBW1924,834,1202,0,0,0.00 ,"68,136 "
Z_FBW1927,302,1156,3,3,698.00 ,"67,957 "
Z_FBW1861,498,1360,1,1,175.00 ,"67,883 "
Z_FBW1864,436,1122,1,1,209.00 ,"67,236 "
Z_PFBW230,246,750,0,0,0.00 ,"65,766 "
Z_PFBW349,350,1217,0,0,0.00 ,"64,954 "
Z_FBW1972,754,1575,0,0,0.00 ,"64,926 "
Z_FBW1745,765,1550,0,0,0.00 ,"64,717 "
Z_PFBW159,453,1167,0,0,0.00 ,"64,713 "
Z_FBW1973,764,1571,0,0,0.00 ,"63,635 "
Z_FBW1974,622,1432,0,0,0.00 ,"63,122 "
Z_PFBW339,348,1034,0,0,0.00 ,"63,106 "
Z_PFBW117,328,1004,1,1,148.00 ,"62,942 "
Z_PFBW43,655,1559,3,3,210.00 ,"62,614 "
Z_FBW1731,769,1573,0,0,0.00 ,"62,471 "
Z_PFBW295,347,1201,3,3,645.00 ,"62,181 "
Z_PFBW294,305,1199,3,5,640.00 ,"61,863 "
Z_PFBW186,259,1040,1,1,119.00 ,"61,853 "
Z_FBW1835,309,1139,2,2,461.00 ,"61,703 "
Z_PFBW328,310,1182,0,0,0.00 ,"60,869 "
Z_PFBW213,342,881,0,0,0.00 ,"60,573 "
Z_FBW1881,523,1439,3,4,570.00 ,"59,843 "
Z_PFBW195,384,1053,0,0,0.00 ,"59,511 "
Z_PFBW67,366,1260,4,5,494.50 ,"59,149 "
Z_PFBW160,370,1074,0,0,0.00 ,"58,839 "
Z_PFBW267,366,1186,0,0,0.00 ,"58,328 "
Z_PFBW256,235,1132,2,5,560.00 ,"57,797 "
Z_PFBW126,281,956,0,0,0.00 ,"57,538 "
Z_FBW1913,1098,1477,0,0,0.00 ,"57,507 "
Z_PFBW150,265,1028,1,2,118.00 ,"57,434 "
Z_PFBW232,329,929,1,1,98.00 ,"57,315 "
Z_FBW2013,1170,1806,1,1,138.00 ,"57,018 "
Z_PFBW177,271,797,0,0,0.00 ,"56,958 "
Z_FBW1810,623,1583,1,1,279.00 ,"56,574 "
Z_PFBW115,275,1003,1,1,102.00 ,"56,301 "
Z_PFBW222,283,1082,1,1,102.00 ,"56,246 "
Z_PFBW91,545,1355,3,3,290.00 ,"56,236 "
Z_FBW1825,343,1131,2,2,417.00 ,"54,544 "
Z_PFBW73,501,1306,7,13,820.00 ,"54,325 "
Z_FBW1852,225,981,3,3,225.00 ,"54,231 "
Z_FBW1809,784,1535,2,2,302.00 ,"53,510 "
Z_PFBW358,343,976,0,0,0.00 ,"53,095 "
Z_PFBW249,335,872,0,0,0.00 ,"52,919 "
Z_PFBW129,215,922,1,1,48.00 ,"52,728 "
Z_PFBW340,298,904,1,1,102.00 ,"52,543 "
Z_PFBW301,238,876,2,2,327.00 ,"52,059 "
Z_PFBW258,254,1000,1,1,46.00 ,"51,594 "
Z_FBW1827,557,1336,1,1,98.00 ,"51,061 "
Z_FBW1826,692,1461,1,1,207.00 ,"50,789 "
Z_PFBW100,308,831,0,0,0.00 ,"50,731 "
Z_PFBW292,241,1014,2,2,253.00 ,"50,647 "
Z_PFBW263,201,795,2,3,348.00 ,"49,632 "
Z_FBW1812,402,1191,1,1,295.00 ,"48,605 "
Z_PFBW108,246,917,3,3,381.00 ,"47,701 "
Z_FBW1831,263,856,1,1,59.00 ,"47,243 "
Z_FBW1850,173,793,2,3,513.00 ,"47,241 "
Z_PFBW187,244,866,0,0,0.00 ,"47,204 "
Z_FBW1914,842,1164,0,0,0.00 ,"47,101 "
Z_PFBW2,491,1161,1,2,545.00 ,"46,937 "
Z_PFBW223,254,999,1,1,99.00 ,"46,845 "
Z_FBM839,440,1103,2,3,330.00 ,"46,692 "
Z_PFBW355,264,838,0,0,0.00 ,"46,633 "
Z_PFBW347,197,757,1,1,242.50 ,"46,489 "
Z_FBW2041,275,957,1,4,80.00 ,"46,462 "
Z_PFBW111,195,737,2,3,342.00 ,"46,298 "
Z_FBW1728,342,990,1,1,295.00 ,"46,108 "
Z_FBW1877,281,997,1,3,837.00 ,"46,088 "
Z_FBW1834,184,624,0,0,0.00 ,"45,739 "
Z_FBW1830,478,1233,0,0,0.00 ,"45,651 "
Z_FBM811,320,987,0,0,0.00 ,"45,187 "
Z_PFBW28,421,939,0,0,0.00 ,"45,094 "
Z_PFBW337,272,878,0,0,0.00 ,"44,855 "
Z_FBW1616,250,816,1,1,198.00 ,"44,440 "
Z_PFBW304,325,832,0,0,0.00 ,"44,406 "
Z_PFBW211,227,656,0,0,0.00 ,"44,212 "
Z_PFBW36,505,1078,0,0,0.00 ,"43,884 "
Z_FBW1837,314,740,0,0,0.00 ,"43,805 "
Z_PFBW329,186,747,3,6,877.50 ,"43,680 "
Z_PFBW321,215,679,0,0,0.00 ,"43,383 "
Z_PFBW299,137,628,2,2,255.00 ,"43,307 "
Z_PFBW257,246,865,0,0,0.00 ,"42,885 "
Z_PFBW153,225,821,1,1,138.00 ,"42,454 "
Z_PFBW119,252,655,0,0,0.00 ,"42,447 "
Z_FBW1738,270,863,2,2,318.00 ,"41,941 "
Z_PFBW157,294,776,0,0,0.00 ,"41,836 "
Z_PFBW193,230,709,0,0,0.00 ,"41,757 "
Z_PFBW265,253,679,0,0,0.00 ,"40,534 "
Z_FBW1916,529,727,0,0,0.00 ,"40,435 "
Z_PFBW175,236,650,0,0,0.00 ,"39,745 "
Z_PFBW191,149,535,0,0,0.00 ,"39,549 "
Z_PFBW240,240,775,2,2,461.00 ,"39,469 "
Z_PFBW196,295,684,1,1,333.00 ,"39,269 "
Z_PFBW247,228,567,2,2,266.00 ,"39,201 "
Z_PFBW357,234,706,0,0,0.00 ,"38,975 "
Z_PFBW104,303,1075,2,2,262.00 ,"38,840 "
Z_PFBW266,191,743,0,0,0.00 ,"38,783 "
Z_PFBW214,242,675,0,0,0.00 ,"38,683 "
Z_FBW1816,420,1013,0,0,0.00 ,"38,406 "
Z_FBW1894,567,766,0,0,0.00 ,"38,241 "
Z_PFBW285,161,580,1,2,592.00 ,"38,195 "
Z_PFBW353,115,561,1,1,95.00 ,"37,991 "
Z_FBW1999,682,1234,0,0,0.00 ,"37,974 "
Z_PFBW227,153,591,1,2,78.00 ,"37,719 "
Z_PFBW158,237,610,0,0,0.00 ,"37,430 "
Z_FBW1807,579,1175,0,0,0.00 ,"37,338 "
Z_FBW1815,451,1007,0,0,0.00 ,"37,004 "
Z_PFBW135,200,735,0,0,0.00 ,"35,904 "
Z_PFBW151,240,902,0,0,0.00 ,"35,743 "
Z_PFBW241,190,691,0,0,0.00 ,"35,649 "
Z_PFBW137,233,742,0,0,0.00 ,"35,272 "
Z_PFBW238,160,670,1,1,155.00 ,"35,125 "
Z_PFBW155,144,579,3,3,480.00 ,"35,079 "
Z_PFBW245,148,551,0,0,0.00 ,"35,048 "
Z_FBW1846,161,739,2,2,563.00 ,"34,723 "
Z_PFBW293,172,604,2,5,314.00 ,"34,707 "
Z_PFBW145,258,692,0,0,0.00 ,"34,449 "
Z_FBM786,216,874,1,2,342.50 ,"34,091 "
Z_FBW1820,320,906,0,0,0.00 ,"34,020 "
Z_FBW1215,165,699,0,0,0.00 ,"33,999 "
Z_FBW1818,371,924,0,0,0.00 ,"33,977 "
Z_FBW1998,663,1076,1,1,148.00 ,"33,897 "
Z_PFBW250,212,539,0,0,0.00 ,"33,888 "
Z_PFBW178,172,544,0,0,0.00 ,"33,741 "
Z_FBW1853,193,714,1,1,74.00 ,"33,047 "
Z_PFBW13,289,734,0,0,0.00 ,"33,014 "
Z_PFBW140,202,527,0,0,0.00 ,"32,869 "
Z_FBW1842,184,534,0,0,0.00 ,"32,389 "
Z_PFBW312,142,529,1,1,116.00 ,"32,180 "
Z_PFBW335,145,573,1,1,53.00 ,"32,051 "
Z_PFBW322,160,471,0,0,0.00 ,"31,896 "
Z_PFBW290,110,601,2,2,440.00 ,"31,890 "
Z_FBW2037,504,922,0,0,0.00 ,"31,871 "
Z_PFBW346,192,622,0,0,0.00 ,"31,860 "
Z_PFBW19,233,632,0,0,0.00 ,"31,806 "
Z_PFBW204,188,684,1,1,179.00 ,"31,678 "
Z_FBW2034,421,772,0,0,0.00 ,"31,635 "
Z_PFBW229,234,631,0,0,0.00 ,"31,417 "
Z_PFBW14,194,565,2,2,80.00 ,"31,167 "
Z_PFBW225,172,591,1,1,148.00 ,"31,014 "
Z_PFBW220,152,564,0,0,0.00 ,"30,969 "
Z_FBW1736,126,644,0,0,0.00 ,"30,701 "
Z_FBW2035,375,807,0,0,0.00 ,"30,654 "
Z_FBW1608,137,418,1,2,318.00 ,"30,593 "
Z_FBW2011,603,1092,1,1,207.00 ,"30,303 "
Z_PFBW164,68,421,1,1,99.00 ,"30,060 "
Z_PFBW205,146,528,1,2,178.00 ,"29,682 "
Z_FBW1900,398,615,0,0,0.00 ,"29,635 "
Z_PFBW184,136,497,0,0,0.00 ,"29,630 "
Z_FBW1595,56,379,1,5,598.00 ,"29,567 "
Z_FBM814,256,879,0,0,0.00 ,"29,514 "
Z_PFBW139,176,706,0,0,0.00 ,"29,450 "
Z_PFBW138,181,526,0,0,0.00 ,"29,417 "
Z_PFBW148,164,508,0,0,0.00 ,"28,858 "
Z_PFBW128,185,599,0,0,0.00 ,"28,344 "
Z_FBW1734,398,837,0,0,0.00 ,"28,270 "
Z_PFBW338,165,501,0,0,0.00 ,"28,117 "
Z_PFBW286,176,487,0,0,0.00 ,"27,929 "
Z_PFBW252,120,340,1,1,102.00 ,"27,315 "
Z_PFBW176,126,364,0,0,0.00 ,"27,123 "
Z_FBW1886,252,703,2,3,490.00 ,"26,887 "
Z_PFBW95,297,762,2,4,80.00 ,"26,704 "
Z_PFBW221,143,546,0,0,0.00 ,"26,600 "
Z_PFBW281,96,386,0,0,0.00 ,"26,600 "
Z_FBW1938,275,605,1,1,199.00 ,"26,495 "
Z_FBW2003,433,750,0,0,0.00 ,"26,462 "
Z_FBM834,265,694,0,0,0.00 ,"26,453 "
Z_PFBW302,131,466,0,0,0.00 ,"26,296 "
Z_PFBW173,85,439,0,0,0.00 ,"26,240 "
Z_FBW1909,324,460,0,0,0.00 ,"26,113 "
Z_FBW2038,300,643,0,0,0.00 ,"26,017 "
Z_FBW1744,232,634,0,0,0.00 ,"25,646 "
Z_FBW2014,434,741,0,0,0.00 ,"25,602 "
Z_FBW1892,380,539,0,0,0.00 ,"25,383 "
Z_PFBW212,146,408,0,0,0.00 ,"25,336 "
Z_FBM840,166,620,2,2,108.00 ,"25,212 "
Z_PFBW162,132,399,1,1,149.00 ,"24,800 "
Z_FBW1986,291,669,0,0,0.00 ,"24,643 "
Z_FBW2010,520,853,0,0,0.00 ,"24,435 "
Z_FBW1848,111,473,1,2,316.00 ,"24,423 "
Z_FBW1906,429,578,0,0,0.00 ,"24,278 "
Z_PFBW53,219,539,0,0,0.00 ,"24,171 "
Z_PFBW356,160,511,0,0,0.00 ,"24,151 "
Z_PFBW141,242,700,0,0,0.00 ,"23,995 "
Z_PFBW202,71,355,0,0,0.00 ,"23,887 "
Z_FBW1901,256,384,0,0,0.00 ,"23,778 "
Z_FBW1832,167,502,0,0,0.00 ,"23,723 "
Z_PFBW32,275,622,1,1,550.00 ,"23,720 "
Z_PFBW152,112,405,1,1,139.00 ,"23,694 "
Z_FBW2012,343,666,0,0,0.00 ,"23,302 "
Z_FBW2039,347,641,0,0,0.00 ,"23,063 "
Z_FBW2002,480,805,0,0,0.00 ,"23,057 "
Z_FBW1708,58,337,0,0,0.00 ,"22,984 "
Z_PFBW243,148,468,0,0,0.00 ,"22,798 "
Z_PFBW283,125,375,0,0,0.00 ,"22,643 "
Z_PFBW168,94,395,0,0,0.00 ,"22,569 "
Z_PFBW319,139,411,1,1,207.00 ,"22,561 "
Z_FBW1936,251,624,0,0,0.00 ,"22,534 "
Z_FBW2025,350,635,0,0,0.00 ,"22,397 "
Z_PFBW82,199,460,0,0,0.00 ,"22,302 "
Z_PFBW83,155,446,1,1,20.00 ,"22,290 "
Z_PFBW84,225,550,0,0,0.00 ,"22,245 "
Z_PFBW110,116,439,0,0,0.00 ,"22,031 "
Z_FBW2000,342,612,0,0,0.00 ,"21,977 "
Z_PFBW189,175,460,0,0,0.00 ,"21,916 "
Z_PFBW351,105,338,0,0,0.00 ,"21,874 "
Z_PFBW234,122,374,0,0,0.00 ,"21,742 "
Z_PFBW276,127,401,0,0,0.00 ,"21,648 "
Z_PFBW35,275,542,0,0,0.00 ,"21,585 "
Z_FBW2027,204,429,1,1,450.00 ,"21,552 "
Z_FBW2015,451,702,0,0,0.00 ,"21,475 "
Z_FBW1614,101,360,0,0,0.00 ,"21,431 "
Z_PFBW277,125,474,1,1,207.00 ,"21,322 "
Z_PFBW146,72,442,2,2,175.00 ,"21,313 "
Z_PFBW194,148,408,0,0,0.00 ,"21,124 "
Z_PFBW248,181,379,0,0,0.00 ,"21,069 "
Z_FBW1730,117,329,0,0,0.00 ,"21,002 "
Z_PFBW149,132,402,2,2,316.00 ,"20,878 "
Z_FBW1869,192,398,0,0,0.00 ,"20,707 "
Z_PFBW239,132,389,0,0,0.00 ,"20,471 "
Z_FBW1615,147,322,0,0,0.00 ,"20,429 "
Z_FBW2023,328,632,0,0,0.00 ,"20,153 "
Z_PFBW63,147,479,1,1,60.00 ,"19,823 "
Z_FBW1898,358,491,0,0,0.00 ,"19,547 "
Z_FBW1345,36,181,0,0,0.00 ,"19,498 "
Z_FBW1921,337,452,0,0,0.00 ,"19,388 "
Z_FBW1907,291,374,0,0,0.00 ,"19,382 "
Z_FBW1947,213,488,0,0,0.00 ,"19,378 "
Z_PFBW274,95,395,0,0,0.00 ,"19,171 "
Z_FBW1939,256,536,1,1,137.00 ,"18,948 "
Z_FBW1985,229,491,0,0,0.00 ,"18,669 "
Z_PFBW300,63,348,2,2,287.00 ,"18,430 "
Z_FBW2026,260,428,0,0,0.00 ,"18,330 "
Z_PFBW254,43,289,1,2,432.00 ,"18,288 "
Z_PFBW360,81,266,0,0,0.00 ,"18,076 "
Z_PFBW261,118,423,0,0,0.00 ,"17,819 "
Z_PFBW61,161,382,0,0,0.00 ,"17,659 "
Z_PFBW284,77,233,1,1,138.00 ,"17,620 "
Z_PFBW185,131,411,0,0,0.00 ,"17,284 "
Z_PFBW313,114,373,0,0,0.00 ,"17,213 "
Z_PFBW143,85,264,0,0,0.00 ,"17,147 "
Z_FBW2022,275,511,0,0,0.00 ,"16,990 "
Z_PFBW169,132,452,0,0,0.00 ,"16,867 "
Z_PFBW275,64,248,0,0,0.00 ,"16,786 "
Z_PFBW333,105,363,0,0,0.00 ,"16,778 "
Z_FBW1987,255,538,0,0,0.00 ,"16,663 "
Z_PFBW216,85,245,0,0,0.00 ,"16,661 "
Z_FBW1976,211,462,0,0,0.00 ,"16,463 "
Z_FBW1905,191,262,0,0,0.00 ,"16,455 "
Z_FBW1945,136,381,0,0,0.00 ,"16,110 "
Z_PFBW297,112,377,0,0,0.00 ,"16,021 "
Z_FBW1875,152,355,1,1,385.00 ,"15,862 "
Z_PFBW336,79,288,1,1,245.00 ,"15,855 "
Z_FBW1602,89,280,0,0,0.00 ,"15,608 "
Z_PFBW132,77,272,0,0,0.00 ,"15,603 "
Z_FBW2024,209,326,0,0,0.00 ,"15,593 "
Z_PFBW207,91,306,0,0,0.00 ,"15,530 "
Z_PFBW270,81,242,0,0,0.00 ,"15,494 "
Z_PFBW291,37,331,0,0,0.00 ,"15,442 "
Z_PFBW182,23,310,1,3,312.00 ,"15,419 "
Z_PFBW163,54,216,0,0,0.00 ,"15,264 "
Z_PFBW246,52,237,1,1,210.00 ,"15,215 "
Z_PFBW112,104,264,0,0,0.00 ,"15,190 "
Z_FBM806,156,409,1,1,165.00 ,"15,169 "
Z_FBW1944,164,394,1,1,102.00 ,"15,164 "
Z_FBW1963,205,437,0,0,0.00 ,"15,145 "
Z_FBW1888,265,343,0,0,0.00 ,"15,077 "
Z_FBW1726,64,316,0,0,0.00 ,"14,931 "
Z_FBM783,79,288,1,1,417.00 ,"14,924 "
Z_FBW1993,156,373,0,0,0.00 ,"14,898 "
Z_FBW1589,74,316,0,0,0.00 ,"14,892 "
Z_PFBW215,81,258,1,1,139.00 ,"14,881 "
Z_FBW2036,201,371,0,0,0.00 ,"14,795 "
Z_FBW1593,62,251,0,0,0.00 ,"14,538 "
Z_FBW1946,207,466,0,0,0.00 ,"14,256 "
Z_FBW1889,383,475,0,0,0.00 ,"14,111 "
Z_PFBW310,73,283,2,2,214.00 ,"14,068 "
Z_FBW1902,182,255,0,0,0.00 ,"13,922 "
Z_FBW1978,276,452,0,0,0.00 ,"13,912 "
Z_FBW1954,182,360,0,0,0.00 ,"13,700 "
Z_PFBW27,208,440,0,0,0.00 ,"13,609 "
Z_PFBW217,60,212,0,0,0.00 ,"13,433 "
Z_FBW1937,242,435,0,0,0.00 ,"13,374 "
Z_PFBW180,87,204,0,0,0.00 ,"13,181 "
Z_PFBW109,77,364,0,0,0.00 ,"13,094 "
Z_FBW1565,24,134,1,2,255.00 ,"12,976 "
Z_FBW1984,200,363,0,0,0.00 ,"12,910 "
Z_PFBW224,90,320,0,0,0.00 ,"12,784 "
Z_FBW1923,164,231,0,0,0.00 ,"12,762 "
Z_PFBW98,91,210,0,0,0.00 ,"12,510 "
Z_PFBW197,94,247,0,0,0.00 ,"12,434 "
Z_FBM828,237,474,0,0,0.00 ,"12,376 "
Z_FBW1578,49,194,0,0,0.00 ,"12,243 "
Z_PFBW167,75,252,0,0,0.00 ,"12,211 "
Z_FBW1718,40,211,2,2,542.00 ,"12,176 "
Z_FBW1977,140,336,0,0,0.00 ,"12,133 "
Z_PFBW85,116,268,0,0,0.00 ,"12,127 "
Z_PFBW142,84,283,0,0,0.00 ,"12,126 "
Z_PFBW253,51,141,0,0,0.00 ,"12,122 "
Z_PFBW320,66,179,0,0,0.00 ,"11,992 "
Z_PFBW10,49,187,0,0,0.00 ,"11,851 "
Z_PFBW166,70,280,0,0,0.00 ,"11,819 "
Z_PFBW209,55,169,1,2,303.00 ,"11,784 "
Z_PFBW116,103,269,0,0,0.00 ,"11,601 "
Z_PFBW311,60,197,0,0,0.00 ,"11,551 "
Z_FBW1607,57,185,0,0,0.00 ,"11,520 "
Z_PFBW251,81,222,0,0,0.00 ,"11,478 "
Z_FBM793,71,196,1,1,199.00 ,"11,469 "
Z_FBW1845,97,212,0,0,0.00 ,"11,370 "
Z_PFBW255,30,156,0,0,0.00 ,"11,367 "
Z_PFBW106,48,214,1,1,263.00 ,"11,289 "
Z_PFBW264,55,204,0,0,0.00 ,"11,286 "
Z_PFBW272,29,166,0,0,0.00 ,"11,012 "
Z_FBW1995,166,362,0,0,0.00 ,"10,904 "
Z_PFBW315,64,222,0,0,0.00 ,"10,880 "
Z_FBW1962,160,322,0,0,0.00 ,"10,848 "
Z_PFBW354,54,154,0,0,0.00 ,"10,842 "
Z_PFBW203,49,199,0,0,0.00 ,"10,794 "
Z_PFBW343,41,184,0,0,0.00 ,"10,667 "
Z_FBW1922,142,187,0,0,0.00 ,"10,652 "
Z_PFBW233,63,194,0,0,0.00 ,"10,492 "
Z_PFBW161,75,200,0,0,0.00 ,"10,429 "
Z_PFBW192,64,174,0,0,0.00 ,"10,404 "
Z_FBW1955,135,273,0,0,0.00 ,"10,210 "
Z_FBW1357,24,80,0,0,0.00 ,"10,138 "
Z_FBW1971,171,352,0,0,0.00 ,"10,080 "
Z_PFBW271,44,129,0,0,0.00 ,"10,037 "
Z_PFBW305,68,213,0,0,0.00 ,"10,027 "
Z_PFBW288,53,130,0,0,0.00 ,"10,003 "
Z_FBW1600,25,168,0,0,0.00 ,"9,985 "
Z_PFBW144,97,268,0,0,0.00 ,"9,953 "
Z_PFBM9,92,257,0,0,0.00 ,"9,950 "
Z_PFBW198,65,171,0,0,0.00 ,"9,891 "
Z_FBW1979,187,345,0,0,0.00 ,"9,829 "
Z_FBM800,117,218,0,0,0.00 ,"9,796 "
Z_FBW1970,188,296,0,0,0.00 ,"9,749 "
Z_PFBW171,63,182,0,0,0.00 ,"9,714 "
Z_PFBW174,34,159,0,0,0.00 ,"9,662 "
Z_PFBW75,94,183,0,0,0.00 ,"9,640 "
Z_FBW124,8,93,0,0,0.00 ,"9,633 "
Z_PFBW350,72,258,1,1,277.00 ,"9,464 "
Z_PFBW59,84,236,0,0,0.00 ,"9,429 "
Z_PFBW42,107,278,0,0,0.00 ,"9,409 "
Z_PFBW317,27,68,0,0,0.00 ,"9,310 "
Z_PFBW359,42,143,0,0,0.00 ,"9,272 "
Z_PFBW307,44,143,1,1,69.00 ,"9,224 "
Z_PFBW199,44,133,0,0,0.00 ,"9,220 "
Z_PFBW332,58,202,1,1,350.00 ,"9,192 "
Z_PFBW226,28,187,2,2,540.00 ,"9,152 "
Z_PFBW131,20,104,0,0,0.00 ,"9,121 "
Z_PFBW279,52,178,1,1,48.00 ,"9,105 "
Z_FBW1904,147,212,0,0,0.00 ,"8,973 "
Z_PFBW6,65,150,0,0,0.00 ,"8,920 "
Z_FBW1917,119,166,0,0,0.00 ,"8,914 "
Z_PFBW29,138,286,0,0,0.00 ,"8,883 "
Z_FBW1997,72,179,0,0,0.00 ,"8,848 "
Z_PFBW170,41,111,0,0,0.00 ,"8,836 "
Z_PFBW228,39,102,0,0,0.00 ,"8,786 "
Z_PFBW260,53,182,2,3,483.00 ,"8,747 "
Z_FBW1599,43,119,0,0,0.00 ,"8,737 "
Z_PFBW188,57,203,0,0,0.00 ,"8,728 "
Z_FBW1996,99,246,0,0,0.00 ,"8,680 "
Z_PFBW89,112,259,0,0,0.00 ,"8,553 "
Z_FBW1890,132,175,0,0,0.00 ,"8,552 "
Z_PFBW7,84,186,0,0,0.00 ,"8,551 "
Z_FBW1897,192,251,0,0,0.00 ,"8,540 "
Z_FBW1714,22,142,1,1,295.00 ,"8,530 "
Z_FBW1518,25,158,0,0,0.00 ,"8,419 "
Z_FBM819,142,275,0,0,0.00 ,"8,272 "
Z_PFBM11,33,121,0,0,0.00 ,"8,254 "
Z_FBW1606,69,191,0,0,0.00 ,"8,188 "
Z_PFBW244,41,157,1,1,175.00 ,"8,099 "
Z_PFBW8,99,195,0,0,0.00 ,"8,084 "
Z_PFBW16,26,100,0,0,0.00 ,"8,024 "
Z_PFBW342,66,160,0,0,0.00 ,"7,966 "
Z_PFBW235,49,146,0,0,0.00 ,"7,882 "
Z_FBW2029,77,171,0,0,0.00 ,"7,831 "
Z_PFBW206,40,134,0,0,0.00 ,"7,806 "
Z_PFBW88,45,87,0,0,0.00 ,"7,738 "
Z_PFBW154,38,134,2,5,391.00 ,"7,637 "
Z_PFBW156,63,179,0,0,0.00 ,"7,592 "
Z_FBW1716,18,142,0,0,0.00 ,"7,586 "
Z_PFBW242,66,184,0,0,0.00 ,"7,560 "
Z_FBW2007,128,279,0,0,0.00 ,"7,555 "
Z_PFBW179,56,134,0,0,0.00 ,"7,539 "
"Z_PFBW136,",12,88,0,0,0.00 ,"7,435 "
Z_PFBW181,48,115,0,0,0.00 ,"7,362 "
Z_PFBW71,66,170,0,0,0.00 ,"7,313 "
Z_PFBW324,58,167,0,0,0.00 ,"7,293 "
Z_PFBW66,24,102,1,1,20.00 ,"7,253 "
Z_FBW2005,96,211,0,0,0.00 ,"7,163 "
Z_PFBW4,60,129,0,0,0.00 ,"7,149 "
Z_PFBW190,33,159,1,1,50.00 ,"7,129 "
Z_PFBM2,48,165,0,0,0.00 ,"7,108 "
Z_PFBW325,23,83,0,0,0.00 ,"7,093 "
Z_PFBW210,44,112,0,0,0.00 ,"7,080 "
Z_FBW1896,146,182,0,0,0.00 ,"7,065 "
Z_FBW1961,105,226,0,0,0.00 ,"6,992 "
Z_FBW1685,20,79,0,0,0.00 ,"6,947 "
Z_FBW1899,134,196,0,0,0.00 ,"6,909 "
Z_FBW2028,93,182,0,0,0.00 ,"6,900 "
Z_FBW1891,105,145,0,0,0.00 ,"6,887 "
Z_FBW2019,61,160,0,0,0.00 ,"6,846 "
Z_PFBW51,90,191,0,0,0.00 ,"6,839 "
Z_PFBW269,54,133,0,0,0.00 ,"6,782 "
Z_FBW1694,6,64,0,0,0.00 ,"6,772 "
Z_FBW1992,110,220,0,0,0.00 ,"6,550 "
Z_FBW1952,106,230,0,0,0.00 ,"6,465 "
Z_PFBW341,50,147,0,0,0.00 ,"6,462 "
Z_PFBW26,76,149,0,0,0.00 ,"6,454 "
Z_PFBW306,48,151,0,0,0.00 ,"6,391 "
Z_PFBW34,91,173,0,0,0.00 ,"6,388 "
Z_FBW1740,62,175,0,0,0.00 ,"6,296 "
Z_FBW1687,14,57,0,0,0.00 ,"6,263 "
Z_PFBW39,113,235,0,0,0.00 ,"6,147 "
Z_FBW1893,124,168,0,0,0.00 ,"6,099 "
Z_PFBW334,24,103,0,0,0.00 ,"6,093 "
Z_FBW1915,97,141,0,0,0.00 ,"6,088 "
Z_FBM817,157,273,0,0,0.00 ,"6,069 "
Z_FBM798,67,124,0,0,0.00 ,"5,953 "
Z_FBW1778,5,32,0,0,0.00 ,"5,930 "
Z_FBW1689,18,67,0,0,0.00 ,"5,855 "
Z_PFBW165,23,110,1,1,155.00 ,"5,836 "
Z_PFBW296,51,142,0,0,0.00 ,"5,800 "
Z_FBW1591,64,146,0,0,0.00 ,"5,799 "
Z_FBW1598,35,71,0,0,0.00 ,"5,777 "
Z_FBW2032,80,180,0,0,0.00 ,"5,729 "
Z_FBW1960,139,277,0,0,0.00 ,"5,660 "
Z_FBM837,141,211,0,0,0.00 ,"5,635 "
Z_PFBW54,39,105,0,0,0.00 ,"5,634 "
Z_PFBW57,58,142,0,0,0.00 ,"5,612 "
Z_FBW2031,91,198,0,0,0.00 ,"5,549 "
Z_PFBW65,48,118,0,0,0.00 ,"5,443 "
Z_FBW2020,69,140,0,0,0.00 ,"5,421 "
Z_FBW1590,33,108,0,0,0.00 ,"5,272 "
Z_PFBW323,38,124,0,0,0.00 ,"5,250 "
Z_PFBW278,29,130,0,0,0.00 ,"5,222 "
Z_FBW1601,69,130,1,1,177.00 ,"5,211 "
Z_FBW1969,121,207,0,0,0.00 ,"5,202 "
Z_PFBW96,31,94,0,0,0.00 ,"5,167 "
Z_PFBW289,23,71,0,0,0.00 ,"5,081 "
Z_FBW1911,66,95,0,0,0.00 ,"5,076 "
Z_PFBW92,44,92,0,0,0.00 ,"5,074 "
Z_FBW1425,8,83,1,1,315.00 ,"5,068 "
Z_PFBW318,31,69,0,0,0.00 ,"5,039 "
Z_PFBW3,43,89,0,0,0.00 ,"5,033 "
Z_PFBW40,57,128,0,0,0.00 ,"4,992 "
Z_FBM821,136,232,0,0,0.00 ,"4,943 "
Z_FBW1895,103,144,0,0,0.00 ,"4,869 "
Z_FBW2004,59,138,0,0,0.00 ,"4,850 "
Z_FBW2016,57,149,0,0,0.00 ,"4,818 "
Z_FBW1576,11,90,0,0,0.00 ,"4,778 "
Z_FBW1912,90,122,0,0,0.00 ,"4,767 "
Z_FBW1968,118,191,0,0,0.00 ,"4,744 "
Z_FBM816,120,193,0,0,0.00 ,"4,692 "
Z_FBW1802,20,101,0,0,0.00 ,"4,691 "
Z_PFBM7,20,97,1,1,48.00 ,"4,663 "
Z_PFBW172,14,89,0,0,0.00 ,"4,653 "
Z_FBM794,74,146,0,0,0.00 ,"4,582 "
Z_FBM822,128,247,0,0,0.00 ,"4,513 "
Z_FBW1788,6,62,0,0,0.00 ,"4,508 "
Z_FBW1588,16,77,1,1,145.00 ,"4,436 "
Z_FBW1719,7,22,1,1,137.00 ,"4,421 "
Z_FBM813,146,213,0,0,0.00 ,"4,401 "
Z_FBW1706,18,111,0,0,0.00 ,"4,383 "
Z_PFBW86,38,98,0,0,0.00 ,"4,335 "
Z_FBW2018,67,125,0,0,0.00 ,"4,331 "
Z_FBM788,76,172,0,0,0.00 ,"4,326 "
Z_FBW1787,12,38,0,0,0.00 ,"4,090 "
Z_PFBW18,43,98,0,0,0.00 ,"4,068 "
Z_PFBW60,19,48,0,0,0.00 ,"4,056 "
Z_PFBW314,36,88,0,0,0.00 ,"4,024 "
Z_PFBW237,16,77,0,0,0.00 ,"4,008 "
Z_FBM843,17,90,0,0,0.00 ,"3,978 "
Z_FBM823,127,178,0,0,0.00 ,"3,973 "
Z_PFBW41,60,135,0,0,0.00 ,"3,923 "
Z_PFBW50,27,74,0,0,0.00 ,"3,794 "
Z_FBW2033,69,140,0,0,0.00 ,"3,791 "
Z_FBW221,4,24,0,0,0.00 ,"3,782 "
Z_FBW1953,113,188,0,0,0.00 ,"3,663 "
Z_PFBW90,41,110,0,0,0.00 ,"3,633 "
Z_PFBW121,26,62,0,0,0.00 ,"3,629 "
Z_PFBM8,28,65,0,0,0.00 ,"3,613 "
Z_FBW1994,80,198,1,1,48.00 ,"3,592 "
Z_PFBW94,19,63,0,0,0.00 ,"3,583 "
Z_PFBW5,38,90,0,0,0.00 ,"3,577 "
Z_PFBW58,15,58,0,0,0.00 ,"3,575 "
Z_PFBW282,29,99,0,0,0.00 ,"3,558 "
Z_PFBW236,16,89,0,0,0.00 ,"3,497 "
Z_FBW2008,67,106,0,0,0.00 ,"3,456 "
Z_FBW1278,3,26,0,0,0.00 ,"3,444 "
Z_FBW1910,62,80,0,0,0.00 ,"3,410 "
Z_FBW1918,64,81,0,0,0.00 ,"3,369 "
Z_FBM815,111,160,0,0,0.00 ,"3,365 "
Z_FBW1699,11,53,0,0,0.00 ,"3,362 "
Z_FBW1723,13,38,0,0,0.00 ,"3,340 "
Z_PFBW298,19,55,0,0,0.00 ,"3,213 "
Z_PFBW77,53,99,0,0,0.00 ,"3,128 "
Z_PFBW70,13,74,0,0,0.00 ,"3,127 "
Z_PFBW52,21,47,0,0,0.00 ,"3,076 "
Z_PFBW147,26,80,0,0,0.00 ,"3,075 "
Z_FBW2009,65,113,0,0,0.00 ,"3,027 "
Z_PFBW33,76,117,0,0,0.00 ,"3,022 "
Z_FBM830,141,181,0,0,0.00 ,"2,989 "
Z_FBW1619,6,26,0,0,0.00 ,"2,988 "
Z_FBW1577,13,57,0,0,0.00 ,"2,969 "
Z_FBW1786,12,66,0,0,0.00 ,"2,939 "
Z_FBM805,44,106,0,0,0.00 ,"2,878 "
Z_PFBW361,23,91,0,0,0.00 ,"2,877 "
Z_FBM824,139,179,0,0,0.00 ,"2,873 "
Z_PFBW78,31,57,0,0,0.00 ,"2,853 "
Z_PFBW74,37,83,0,0,0.00 ,"2,847 "
Z_PFBW15,27,73,0,0,0.00 ,"2,832 "
Z_PFBW80,43,80,0,0,0.00 ,"2,766 "
Z_FBW2017,68,126,0,0,0.00 ,"2,715 "
Z_FBM803,60,100,0,0,0.00 ,"2,690 "
Z_FBW1710,8,36,0,0,0.00 ,"2,655 "
Z_FBW1550,7,49,0,0,0.00 ,"2,602 "
Z_FBW350,4,9,0,0,0.00 ,"2,562 "
Z_PFBW11,27,85,0,0,0.00 ,"2,545 "
Z_PFBW183,12,77,0,0,0.00 ,"2,488 "
Z_PFBW17,21,70,0,0,0.00 ,"2,436 "
Z_FBM836,125,148,0,0,0.00 ,"2,407 "
Z_PFBM5,40,113,0,0,0.00 ,"2,395 "
Z_FBM827,118,160,0,0,0.00 ,"2,393 "
Z_FBW1605,26,74,0,0,0.00 ,"2,384 "
Z_PFBW208,21,55,0,0,0.00 ,"2,365 "
Z_FBW1773,15,24,0,0,0.00 ,"2,331 "
Z_PFBW62,41,99,0,0,0.00 ,"2,329 "
Z_PFBW72,7,23,0,0,0.00 ,"2,324 "
Z_FBW1597,33,53,0,0,0.00 ,"2,316 "
Z_FBW1776,5,37,0,0,0.00 ,"2,309 "
Z_FBW1724,10,75,0,0,0.00 ,"2,307 "
Z_FBM808,59,110,0,0,0.00 ,"2,269 "
Z_FBW1552,8,27,0,0,0.00 ,"2,260 "
Z_FBM795,65,146,0,0,0.00 ,"2,241 "
Z_FBM812,128,154,0,0,0.00 ,"2,231 "
Z_FBW1704,7,26,0,0,0.00 ,"2,206 "
Z_PFBW9,36,80,0,0,0.00 ,"2,172 "
Z_PFBM12,12,70,0,0,0.00 ,"2,144 "
Z_FBM810,75,91,0,0,0.00 ,"2,141 "
Z_FBW1720,14,60,0,0,0.00 ,"2,136 "
Z_FBW1792,16,36,0,0,0.00 ,"2,130 "
Z_PFBW262,13,58,0,0,0.00 ,"2,103 "
Z_FBW1563,8,23,0,0,0.00 ,"2,064 "
Z_FBW2006,61,110,0,0,0.00 ,"2,063 "
Z_FBM802,47,78,0,0,0.00 ,"2,036 "
Z_PFBW327,14,67,0,0,0.00 ,"2,017 "
Z_PFBW107,17,47,0,0,0.00 ,"1,947 "
Z_FBM807,56,73,0,0,0.00 ,"1,930 "
Z_PFBW326,9,33,0,0,0.00 ,"1,906 "
Z_FBM796,72,114,0,0,0.00 ,"1,898 "
Z_FBM818,137,184,0,0,0.00 ,"1,880 "
Z_FBW1920,77,96,0,0,0.00 ,"1,876 "
Z_FBM435,1,10,0,0,0.00 ,"1,827 "
Z_FBW1358,2,8,0,0,0.00 ,"1,795 "
Z_FBM799,66,96,0,0,0.00 ,"1,794 "
Z_PFBM4,11,39,0,0,0.00 ,"1,758 "
Z_FBM784,56,122,0,0,0.00 ,"1,748 "
Z_PFBW101,7,13,0,0,0.00 ,"1,738 "
Z_FBW1919,58,75,0,0,0.00 ,"1,727 "
Z_FBW1703,13,18,0,0,0.00 ,"1,693 "
Z_FBW1903,74,97,0,0,0.00 ,"1,678 "
Z_FBW295,12,23,0,0,0.00 ,"1,664 "
Z_FBW1658,7,38,0,0,0.00 ,"1,662 "
Z_FBW1697,7,33,0,0,0.00 ,"1,651 "
Z_PFBW12,25,43,0,0,0.00 ,"1,651 "
Z_FBW402,2,24,0,0,0.00 ,"1,646 "
Z_PFBW352,16,44,0,0,0.00 ,"1,604 "
Z_FBM789,75,133,0,0,0.00 ,"1,590 "
Z_PFBW287,22,38,0,0,0.00 ,"1,586 "
Z_FBW1444,9,40,0,0,0.00 ,"1,574 "
Z_FBW1574,5,13,0,0,0.00 ,"1,567 "
Z_PFBW56,19,37,0,0,0.00 ,"1,562 "
Z_FBW1596,20,28,0,0,0.00 ,"1,539 "
Z_FBW1354,2,5,0,0,0.00 ,"1,493 "
Z_FBW1424,2,5,0,0,0.00 ,"1,485 "
Z_FBW1549,2,25,0,0,0.00 ,"1,482 "
Z_FBW2030,60,88,0,0,0.00 ,"1,476 "
Z_FBW1571,2,10,0,0,0.00 ,"1,474 "
Z_FBW1488,1,33,0,0,0.00 ,"1,469 "
Z_FBW1413,6,15,0,0,0.00 ,"1,435 "
Z_FBM790,46,75,0,0,0.00 ,"1,394 "
Z_FBM835,143,173,0,0,0.00 ,"1,390 "
Z_FBW1367,2,30,0,0,0.00 ,"1,350 "
Z_PFBW280,6,14,0,0,0.00 ,"1,298 "
Z_FBM826,127,151,0,0,0.00 ,"1,285 "
Z_FBM831,139,165,0,0,0.00 ,"1,232 "
Z_PFBW76,26,49,0,0,0.00 ,"1,231 "
Z_FBW1721,10,26,0,0,0.00 ,"1,210 "
Z_FBW488,7,15,0,0,0.00 ,"1,208 "
Z_FBW1561,2,8,0,0,0.00 ,"1,179 "
Z_FBM801,71,85,0,0,0.00 ,"1,174 "
Z_FBM833,111,139,0,0,0.00 ,"1,166 "
Z_FBW1460,8,20,0,0,0.00 ,"1,164 "
Z_FBW1696,12,20,0,0,0.00 ,"1,085 "
Z_FBW1553,4,17,0,0,0.00 ,"1,079 "
Z_FBW662,1,2,0,0,0.00 ,"1,065 "
Z_FBW1525,2,22,0,0,0.00 ,"1,038 "
Z_FBW1341,1,16,0,0,0.00 ,"1,033 "
Z_FBW1308,3,11,0,0,0.00 ,"1,020 "
Z_FBM829,132,144,0,0,0.00 ,"1,000 "
Z_PFBW309,9,28,0,0,0.00 ,994 
Z_FBW1498,7,15,0,0,0.00 ,983 
Z_FBM791,38,60,0,0,0.00 ,965 
Z_FBW1709,5,23,0,0,0.00 ,941 
Z_FBW1688,3,12,0,0,0.00 ,940 
Z_FBM804,67,82,0,0,0.00 ,938 
Z_FBM809,57,60,0,0,0.00 ,934 
Z_PFBW200,6,24,0,0,0.00 ,927 
Z_FBW1489,1,15,0,0,0.00 ,921 
Z_PFBW345,4,11,0,0,0.00 ,898 
Z_FBM842,5,29,0,0,0.00 ,891 
Z_FBW2021,54,79,0,0,0.00 ,876 
Z_FBW1587,8,31,0,0,0.00 ,870 
Z_FBW1575,5,10,0,0,0.00 ,846 
Z_FBW1567,4,26,0,0,0.00 ,841 
Z_FBW1439,2,24,0,0,0.00 ,837 
Z_PFBW218,10,24,0,0,0.00 ,836 
Z_PFBW369,2,2,0,0,0.00 ,790 
Z_FBW1570,1,21,0,0,0.00 ,787 
Z_FBW1516,3,5,0,0,0.00 ,787 
Z_FBW1569,3,30,0,0,0.00 ,773 
Z_PFBW344,10,28,0,0,0.00 ,763 
Z_PFBW219,12,39,0,0,0.00 ,754 
Z_FBW1134,9,27,0,0,0.00 ,741 
Z_FBW1603,6,20,0,0,0.00 ,740 
Z_PFBM10,15,34,0,0,0.00 ,740 
Z_FBM844,14,32,0,0,0.00 ,736 
Z_FBW1506,1,8,0,0,0.00 ,729 
Z_FBM832,136,150,0,0,0.00 ,720 
Z_FBW706,1,7,0,0,0.00 ,715 
Z_FBW1476,1,20,0,0,0.00 ,689 
Z_FBW1717,8,19,0,0,0.00 ,664 
Z_FBW1611,6,15,0,0,0.00 ,655 
Z_FBW1287,4,14,0,0,0.00 ,617 
Z_FBW1430,3,9,0,0,0.00 ,599 
Z_FBW1477,2,9,0,0,0.00 ,598 
Z_FBW959,1,7,0,0,0.00 ,597 
Z_FBW237,5,18,0,0,0.00 ,595 
Z_FBW1241,2,9,0,0,0.00 ,595 
Z_FBM540,1,3,0,0,0.00 ,594 
Z_FBW1756,4,13,0,0,0.00 ,573 
Z_FBW1496,7,15,0,0,0.00 ,564 
Z_FBW1700,7,11,0,0,0.00 ,552 
Z_FBW1481,4,17,0,0,0.00 ,544 
Z_FBW525,1,15,0,0,0.00 ,538 
Z_FBW1433,1,3,0,0,0.00 ,513 
Z_FBW1462,1,1,0,0,0.00 ,513 
Z_FBW1268,1,4,0,0,0.00 ,504 
Z_FBW1466,4,15,0,0,0.00 ,500 
Z_FBW1513,4,9,0,0,0.00 ,495 
Z_FBW1659,3,5,0,0,0.00 ,481 
Z_FBW1545,2,10,0,0,0.00 ,466 
Z_FBW1505,1,1,0,0,0.00 ,463 
Z_PFBW273,9,23,0,0,0.00 ,452 
Z_PFBW364,2,3,0,0,0.00 ,439 
Z_FBW1769,5,6,0,0,0.00 ,437 
Z_PFBW64,20,24,0,0,0.00 ,429 
Z_FBW449,1,11,0,0,0.00 ,424 
Z_FBW1693,3,5,0,0,0.00 ,419 
Z_FBW1679,13,16,0,0,0.00 ,418 
Z_FBW679,1,7,0,0,0.00 ,416 
Z_FBW1712,12,29,0,0,0.00 ,412 
Z_FBW638,2,8,0,0,0.00 ,403 
Z_FBW1604,5,15,0,0,0.00 ,400 
Z_FBW1722,7,16,0,0,0.00 ,388 
Z_FBW,1,3,0,0,0.00 ,382 
Z_FBW1484,5,15,0,0,0.00 ,377 
Z_PFBW68,11,17,0,0,0.00 ,374 
Z_FBW1407,7,16,0,0,0.00 ,372 
Z_FBW181,1,1,0,0,0.00 ,366 
Z_FBW1377,1,5,0,0,0.00 ,342 
Z_PFBW103,7,16,0,0,0.00 ,340 
Z_FBW1314,3,9,0,0,0.00 ,333 
Z_FBW786,1,4,0,0,0.00 ,333 
Z_FBW967,1,8,0,0,0.00 ,331 
Z_FBW1531,3,11,0,0,0.00 ,325 
Z_FBW1486,3,7,0,0,0.00 ,322 
Z_FBW804,2,8,0,0,0.00 ,319 
Z_FBW2040look,6,16,0,0,0.00 ,313 
Z_FBW98,2,3,0,0,0.00 ,310 
Z_FBW1504,1,3,0,0,0.00 ,304 
Z_FBW262,1,1,0,0,0.00 ,299 
Z_FBW1443,3,9,0,0,0.00 ,292 
Z_FBW423,1,1,0,0,0.00 ,285 
Z_FBW887,1,3,0,0,0.00 ,284 
Z_FBM838,119,122,0,0,0.00 ,275 
Z_FBW1356,1,4,0,0,0.00 ,274 
Z_FBW1480,3,7,0,0,0.00 ,270 
Z_PFBW316,9,14,0,0,0.00 ,269 
Z_FBW653,2,6,0,0,0.00 ,266 
Z_FBW1276,1,5,0,0,0.00 ,263 
Z_FBW1793,13,18,0,0,0.00 ,258 
Z_FBW1179,1,2,0,0,0.00 ,254 
Z_FBW1235,2,2,0,0,0.00 ,252 
Z_FBW1264,3,3,0,0,0.00 ,247 
Z_FBW1528,1,5,0,0,0.00 ,245 
Z_FBW1671,5,8,0,0,0.00 ,244 
Z_FBW1725,16,32,0,0,0.00 ,241 
Z_FBW1253,1,9,0,0,0.00 ,236 
Z_FBW826,2,2,0,0,0.00 ,234 
Z_FBW145,1,6,0,0,0.00 ,228 
Z_FBM785,56,67,0,0,0.00 ,227 
Z_FBW1309,1,4,0,0,0.00 ,224 
Z_FBW240,2,6,0,0,0.00 ,220 
Z_FBM130,1,7,0,0,0.00 ,216 
Z_FBW1305,2,8,0,0,0.00 ,209 
Z_FBW1289,1,3,0,0,0.00 ,204 
Z_FBW1475,1,1,0,0,0.00 ,202 
Z_FBW207,5,13,0,0,0.00 ,201 
Z_FBW133,1,7,0,0,0.00 ,197 
Z_FBW1713,5,10,0,0,0.00 ,193 
Z_FBW1389,2,3,0,0,0.00 ,193 
Z_PFBM6,5,12,0,0,0.00 ,188 
Z_FBW1470,2,9,0,0,0.00 ,187 
Z_FBW1559,2,6,0,0,0.00 ,178 
Z_FBW898,3,22,0,0,0.00 ,178 
Z_FBW1428,2,8,0,0,0.00 ,175 
Z_FBW1474,2,6,0,0,0.00 ,174 
Z_FBW1763,13,17,0,0,0.00 ,166 
Z_FBM99,2,7,0,0,0.00 ,160 
Z_FBW1162,1,2,0,0,0.00 ,155 
Z_FBW222,1,1,0,0,0.00 ,153 
Z_FBW1692,5,8,0,0,0.00 ,150 
Z_FBW1468,1,4,0,0,0.00 ,149 
Z_PFBW201,5,7,0,0,0.00 ,149 
Z_FBW1463,1,4,0,0,0.00 ,148 
Z_FBW1285,1,3,0,0,0.00 ,145 
Z_FBW23,2,2,0,0,0.00 ,144 
Z_FBW1512,2,4,0,0,0.00 ,142 
Z_FBW1158,1,2,0,0,0.00 ,140 
Z_PFBM3,7,10,0,0,0.00 ,140 
Z_FBM782,4,13,0,0,0.00 ,137 
Z_FBW1783,8,11,0,0,0.00 ,136 
Z_FBW875,1,1,0,0,0.00 ,136 
Z_FBW1369,1,6,0,0,0.00 ,130 
Z_FBW1453,1,4,0,0,0.00 ,126 
Z_FBW518,1,2,0,0,0.00 ,122 
Z_FBW1794,12,15,0,0,0.00 ,121 
Z_FBW1705,14,16,0,0,0.00 ,120 
Z_FBW1440,1,2,0,0,0.00 ,118 
Z_FBM706,1,6,0,0,0.00 ,117 
Z_FBW330,1,1,0,0,0.00 ,115 
Z_FBW1478,1,3,0,0,0.00 ,115 
Z_FBM623,1,6,0,0,0.00 ,111 
Z_FBW235,1,6,0,0,0.00 ,109 
Z_FBW819,1,3,0,0,0.00 ,105 
Z_PFBW395,1,1,0,0,0.00 ,100 
Z_FBM758,1,3,0,0,0.00 ,99 
Z_FBW1414,1,2,0,0,0.00 ,97 
Z_FBW1485,1,4,0,0,0.00 ,95 
Z_FBM787,43,45,0,0,0.00 ,86 
Z_FBW1797,5,6,0,0,0.00 ,83 
Z_FBW1620,2,5,0,0,0.00 ,81 
Z_FBM431,1,3,0,0,0.00 ,78 
Z_FBW1557,1,2,0,0,0.00 ,78 
Z_FBW1753,10,11,0,0,0.00 ,77 
Z_FBW1353,1,3,0,0,0.00 ,73 
Z_FBW1524,1,2,0,0,0.00 ,72 
Z_FBW772,1,1,0,0,0.00 ,70 
Z_FBW1673,1,2,0,0,0.00 ,67 
Z_FBW1426,2,7,0,0,0.00 ,64 
Z_FBW1667,2,3,0,0,0.00 ,62 
Z_FBW1750,16,16,0,0,0.00 ,61 
Z_FBW1790,5,6,0,0,0.00 ,61 
Z_FBW1666,1,1,0,0,0.00 ,59 
Z_FBW1675,1,2,0,0,0.00 ,58 
Z_FBW1555,1,3,0,0,0.00 ,57 
Z_FBW1348,1,6,0,0,0.00 ,56 
Z_FBW1796,12,14,0,0,0.00 ,56 
Z_FBW960,1,3,0,0,0.00 ,55 
Z_FBW1711,2,5,0,0,0.00 ,54 
Z_PFBW20,2,2,0,0,0.00 ,54 
Z_FBW1411,1,2,0,0,0.00 ,53 
Z_PFBW25,3,6,0,0,0.00 ,51 
Z_FBW1621,1,4,0,0,0.00 ,49 
Z_FBW1665,1,2,0,0,0.00 ,48 
Z_FBW1674,1,3,0,0,0.00 ,45 
Z_FBW642,1,2,0,0,0.00 ,45 
Z_PFBW408,1,1,0,0,0.00 ,45 
Z_FBM619,1,2,0,0,0.00 ,44 
Z_FBW1660,1,2,0,0,0.00 ,43 
Z_PFBW47,2,2,0,0,0.00 ,43 
Z_FBM527,1,5,0,0,0.00 ,42 
Z_FBW1661,1,2,0,0,0.00 ,41 
Z_FBW204,1,1,0,0,0.00 ,40 
Z_FBW1663,1,2,0,0,0.00 ,39 
Z_FBW1672,1,2,0,0,0.00 ,38 
Z_FBW1670,2,3,0,0,0.00 ,35 
Z_FBW329,1,2,0,0,0.00 ,35 
Z_FBM769,1,2,0,0,0.00 ,35 
Z_FBW378,1,2,0,0,0.00 ,35 
Z_PFBW362,1,2,0,0,0.00 ,35 
Z_FBW1662,1,2,0,0,0.00 ,34 
Z_PFBW373,2,2,0,0,0.00 ,34 
Z_FBW1676,1,2,0,0,0.00 ,33 
Z_FBW1669,1,2,0,0,0.00 ,30 
Z_FBW1668,1,2,0,0,0.00 ,27 
Z_FBW1690,3,4,0,0,0.00 ,27 
Z_PFBW363,2,3,0,0,0.00 ,27 
Z_FBW1536,1,3,0,0,0.00 ,26 
Z_FBW1702,5,7,0,0,0.00 ,25 
Z_PFBW365,2,3,0,0,0.00 ,24 
Z_FBW1465,1,2,0,0,0.00 ,21 
Z_FBW1218,1,3,0,0,0.00 ,21 
Z_FBW1532,2,5,0,0,0.00 ,19 
Z_FBW1715,2,3,0,0,0.00 ,19 
Z_PFBW48,3,3,0,0,0.00 ,19 
Z_PFBW49,2,2,0,0,0.00 ,19 
Z_FBW1701,2,2,0,0,0.00 ,18 
Z_FBW1385,1,2,0,0,0.00 ,18 
Z_PFBW366,2,2,0,0,0.00 ,18 
Z_FBW1695,2,3,0,0,0.00 ,17 
Z_FBW1707,2,3,0,0,0.00 ,17 
Z_PFBW21,6,6,0,0,0.00 ,17 
Z_FBW979,1,1,0,0,0.00 ,17 
Z_PFBW368,2,2,0,0,0.00 ,17 
Z_FBW1664,2,2,0,0,0.00 ,16 
Z_PFBW23,2,2,0,0,0.00 ,16 
Z_FBW1534,2,3,0,0,0.00 ,16 
Z_PFBW370,2,3,0,0,0.00 ,16 
Z_FBW1698,11,12,0,0,0.00 ,15 
Z_FBW85,1,2,0,0,0.00 ,15 
Z_FBW1182,1,2,0,0,0.00 ,15 
Z_PFBW22,2,2,0,0,0.00 ,15 
Z_PFBW367,2,2,0,0,0.00 ,15 
Z_FBW1412,1,2,0,0,0.00 ,14 
Z_FBW1677,1,1,0,0,0.00 ,14 
Z_FBW1274,1,2,0,0,0.00 ,14 
Z_PFBW44,3,3,0,0,0.00 ,14 
Z_PFBW45,3,3,0,0,0.00 ,14 
Z_PFBW371,2,3,0,0,0.00 ,14 
Z_PFBW372,2,2,0,0,0.00 ,14 
Z_PFBW46,2,2,0,0,0.00 ,13 
Z_PFBW24,2,2,0,0,0.00 ,13 
Z_FBW1150,1,2,0,0,0.00 ,13 
Z_FBW1521,1,2,0,0,0.00 ,12 
Z_PFBW308,2,2,0,0,0.00 ,10 
Z_FBW165,1,2,0,0,0.00 ,9 
Z_FBW2042 - -,1,3,0,0,0.00 ,8 
Z_FBW2042 -,1,2,0,0,0.00 ,6 
Z_FBW1691,1,1,0,0,0.00 ,5 
Z_FBM735,1,1,0,0,0.00 ,0 
Z_FBW1386,1,1,0,0,0.00 ,0 
Z_FBW1408,1,1,0,0,0.00 ,0 
Z_FBW1416,2,2,0,0,0.00 ,0 
Z_FBW1560,2,2,0,0,0.00 ,0 
Z_FBW1572,1,1,0,0,0.00 ,0 
Z_FBW1746,8,8,0,0,0.00 ,0 
Z_FBW1747,7,7,0,0,0.00 ,0 
Z_FBW1748,7,7,0,0,0.00 ,0 
Z_FBW1749,7,7,0,0,0.00 ,0 
Z_FBW1751,9,9,0,0,0.00 ,0 
Z_FBW1752,14,14,0,0,0.00 ,0 
Z_FBW1754,13,13,0,0,0.00 ,0 
Z_FBW1755,19,19,0,0,0.00 ,0 
Z_FBW1757,7,7,0,0,0.00 ,0 
Z_FBW1758,4,4,0,0,0.00 ,0 
Z_FBW1759,3,3,0,0,0.00 ,0 
Z_FBW1760,5,5,0,0,0.00 ,0 
Z_FBW1761,10,10,0,0,0.00 ,0 
Z_FBW1762,16,16,0,0,0.00 ,0 
Z_FBW1764,17,17,0,0,0.00 ,0 
Z_FBW1765,23,23,0,0,0.00 ,0 
Z_FBW1766,3,3,0,0,0.00 ,0 
Z_FBW1767,5,5,0,0,0.00 ,0 
Z_FBW1768,3,3,0,0,0.00 ,0 
Z_FBW1770,15,15,0,0,0.00 ,0 
Z_FBW1771,12,12,0,0,0.00 ,0 
Z_FBW1772,4,4,0,0,0.00 ,0 
Z_FBW1774,8,8,0,0,0.00 ,0 
Z_FBW1775,3,3,0,0,0.00 ,0 
Z_FBW1777,7,7,0,0,0.00 ,0 
Z_FBW1779,9,9,0,0,0.00 ,0 
Z_FBW1780,10,10,0,0,0.00 ,0 
Z_FBW1781,12,12,0,0,0.00 ,0 
Z_FBW1782,15,15,0,0,0.00 ,0 
Z_FBW1784,10,10,0,0,0.00 ,0 
Z_FBW1785,15,15,0,0,0.00 ,0 
Z_FBW1789,4,4,0,0,0.00 ,0 
Z_FBW1791,5,5,0,0,0.00 ,0 
Z_FBW1795,11,11,0,0,0.00 ,0 
Z_FBW1798,3,3,0,0,0.00 ,0 
Z_FBW1799,3,3,0,0,0.00 ,0 
Z_FBW1800,7,7,0,0,0.00 ,0 
Z_FBW1801,17,17,0,0,0.00 ,0 
Z_FBW1803,14,14,0,0,0.00 ,0 
Z_FBW1804,12,12,0,0,0.00 ,0 
Z_FBW1805,14,14,0,0,0.00 ,0 
Z_FBW194,1,1,0,0,0.00 ,0 
Z_FBW590,1,1,0,0,0.00 ,0 
Z_FBW923,3,3,0,0,0.00 ,0 
Z_FBW289,1,1,0,0,0.00 ,0 
Z_FBW1415,1,1,0,0,0.00 ,0 
Z_FBW1160,1,1,0,0,0.00 ,0 
Z_FBW1542,2,2,0,0,0.00 ,0 
Z_FBW1429,1,1,0,0,0.00 ,0 
Z_FBM779,1,1,0,0,0.00 ,0 
Z_FBW1882 - -,1,1,0,0,0.00 ,0 
Z_FBW234,1,1,0,0,0.00 ,0 
Z_FBW383,1,1,0,0,0.00 ,0 
Z_FBW1894w,1,1,0,0,0.00 ,0 
Z_FBW1490,1,1,0,0,0.00 ,0 
Z_FBM778,1,1,0,0,0.00 ,0 
Z_FBW54,1,1,0,0,0.00 ,0 
Z_FBW1387,1,1,0,0,0.00 ,0 
Z_FBW177,1,1,0,0,0.00 ,0 
Z_FBW833,1,1,0,0,0.00 ,0 
Z_FBW1456,2,2,0,0,0.00 ,0 
Z_PF,2,2,0,0,0.00 ,0 
Z_FBW447,1,1,0,0,0.00 ,0 
Z_FBM119,1,1,0,0,0.00 ,0 
Z_FBW1370,1,1,0,0,0.00 ,0 
Z_FBW523,1,1,0,0,0.00 ,0 
Z_FBW530,1,1,0,0,0.00 ,0 
Z_FBW1548,1,1,0,0,0.00 ,0 
Z_FBW610,1,1,0,0,0.00 ,0 
Z_PFBW388,1,1,0,0,0.00 ,0 
Z_PFBW379,1,1,0,0,0.00 ,0 
Z_PFBW399,1,1,0,0,0.00 ,0 
Z_PFBW405,1,1,0,0,0.00 ,0 
Z_PFBW382,1,1,0,0,0.00 ,0 
Z_PFBW375,1,1,0,0,0.00 ,0 
Z_PFBW403,1,1,0,0,0.00 ,0 
Z_PFBW376,1,1,0,0,0.00 ,0 
Z_PFBW406,1,1,0,0,0.00 ,0 
Z_PFBW383,1,1,0,0,0.00 ,0 
Z_PFBW407,1,1,0,0,0.00 ,0 
Z_PFBW394,1,1,0,0,0.00 ,0 
Z_PFBW381,1,1,0,0,0.00 ,0 
Z_PFBW400,1,1,0,0,0.00 ,0 
Z_PFBW401,1,1,0,0,0.00 ,0 
Z_PFBW385,1,1,0,0,0.00 ,0 
Z_PFBW387,1,1,0,0,0.00 ,0 
Z_PFBW374,1,1,0,0,0.00 ,0 
Z_PFBW402,1,1,0,0,0.00 ,0 
Z_PFBW390,1,1,0,0,0.00 ,0 
Z_PFBW398,1,1,0,0,0.00 ,0 
Z_PFBW393,1,1,0,0,0.00 ,0 
Z_PFBW392,1,1,0,0,0.00 ,0 
Z_PFBW391,1,1,0,0,0.00 ,0 
Z_PFBW377,1,1,0,0,0.00 ,0 
Z_PFBW386,1,1,0,0,0.00 ,0 
Z_PFBW409,1,1,0,0,0.00 ,0 
Z_PFBW404,1,1,0,0,0.00 ,0 
Z_PFBW384,1,1,0,0,0.00 ,0 
Z_PFBW380,1,1,0,0,0.00 ,0 
,,,,,,
,,,,,,
,,,,,,
,,,,,,
,,,,,,
,,,,,,
,,,,,,
,,,,,,
,,,,,,
,,,,,,
,,,,,,
,,,,,,
,,,,,,
,,,,,,
,,,,,,
,,,,,,
,,,,,,
,,,,,,
,,,,,,
,,,,,,
,,,,,,
,,,,,,
,,,,,,
,,,,,,
,,,,,,
,,,,,,
,,,,,,
,,,,,,
,,,,,,
,,,,,,
,,,,,,
,,,,,,
,,,,,,
,,,,,,
,,,,,,
,,,,,,
,,,,,,
,,,,,,
,,,,,,
,,,,,,
,,,,,,
,,,,,,
,,,,,,
,,,,,,
,,,,,,
,,,,,,
,,,,,,
,,,,,,
,,,,,,
,,,,,,
,,,,,,
,,,,,,
,,,,,,
,,,,,,
,,,,,,
,,,,,,
,,,,,,
,,,,,,
,,,,,,
,,,,,,
,,,,,,
,,,,,,
,,,,,,
,,,,,,
,,,,,,
,,,,,,
,,,,,,
,,,,,,
,,,,,,
,,,,,,
,,,,,,
,,,,,,
,,,,,,
,,,,,,
,,,,,,
,,,,,,
,,,,,,
,,,,,,
,,,,,,
,,,,,,
,,,,,,
,,,,,,
,,,,,,
,,,,,,
,,,,,,
,,,,,,
,,,,,,
,,,,,,
,,,,,,
,,,,,,
,,,,,,
,,,,,,
,,,,,,
,,,,,,
,,,,,,
,,,,,,
,,,,,,
,,,,,,
,,,,,,
,,,,,,
,,,,,,
,,,,,,
,,,,,,
,,,,,,
,,,,,,
,,,,,,
,,,,,,
,,,,,,
,,,,,,
,,,,,,
,,,,,,
,,,,,,
,,,,,,
,,,,,,
,,,,,,
,,,,,,
,,,,,,
,,,,,,
,,,,,,
,,,,,,
,,,,,,
,,,,,,
,,,,,,
,,,,,,
,,,,,,
,,,,,,
,,,,,,
,,,,,,
,,,,,,
,,,,,,
,,,,,,
,,,,,,
,,,,,,
,,,,,,
,,,,,,
,,,,,,
,,,,,,
,,,,,,
,,,,,,
,,,,,,
,,,,,,
,,,,,,
,,,,,,
,,,,,,
,,,,,,
,,,,,,
,,,,,,
,,,,,,
,,,,,,
,,,,,,
,,,,,,
,,,,,,
,,,,,,
,,,,,,
,,,,,,
,,,,,,
,,,,,,
,,,,,,
,,,,,,
,,,,,,
,,,,,,
,,,,,,
,,,,,,
,,,,,,
,,,,,,
,,,,,,
,,,,,,
,,,,,,
,,,,,,
,,,,,,
,,,,,,
,,,,,,
,,,,,,
,,,,,,
,,,,,,
,,,,,,
,,,,,,
,,,,,,
,,,,,,
,,,,,,
,,,,,,
,,,,,,
,,,,,,
,,,,,,
,,,,,,
,,,,,,
,,,,,,
,,,,,,
,,,,,,
,,,,,,
,,,,,,
,,,,,,
,,,,,,
,,,,,,
,,,,,,
,,,,,,
,,,,,,
,,,,,,
,,,,,,
,,,,,,
,,,,,,
,,,,,,
,,,,,,
,,,,,,
,,,,,,
,,,,,,
,,,,,,
,,,,,,
,,,,,,
,,,,,,
,,,,,,
,,,,,,
,,,,,,
,,,,,,
,,,,,,
,,,,,,
,,,,,,
,,,,,,
,,,,,,
,,,,,,
,,,,,,
,,,,,,
,,,,,,
,,,,,,
,,,,,,
,,,,,,
,,,,,,
,,,,,,
,,,,,,
,,,,,,
,,,,,,
,,,,,,
,,,,,,
,,,,,,
,,,,,,
,,,,,,
,,,,,,
,,,,,,
,,,,,,
,,,,,,
,,,,,,
,,,,,,
,,,,,,
,,,,,,
,,,,,,
,,,,,,
,,,,,,
,,,,,,
,,,,,,
,,,,,,
,,,,,,
,,,,,,
,,,,,,
,,,,,,
,,,,,,
,,,,,,
,,,,,,
,,,,,,
,,,,,,
,,,,,,
,,,,,,
,,,,,,
,,,,,,
,,,,,,
,,,,,,
,,,,,,
,,,,,,
,,,,,,
,,,,,,
,,,,,,
,,,,,,
,,,,,,
,,,,,,
,,,,,,
,,,,,,
,,,,,,
,,,,,,
,,,,,,
,,,,,,
,,,,,,
,,,,,,
,,,,,,
,,,,,,
,,,,,,
,,,,,,
,,,,,,
,,,,,,
,,,,,,
,,,,,,
,,,,,,
,,,,,,
,,,,,,
,,,,,,
,,,,,,
,,,,,,
,,,,,,
,,,,,,
,,,,,,
,,,,,,
,,,,,,
,,,,,,
,,,,,,
,,,,,,
,,,,,,
,,,,,,
,,,,,,
,,,,,,
,,,,,,
,,,,,,
,,,,,,
,,,,,,
,,,,,,
,,,,,,
,,,,,,
,,,,,,
,,,,,,
,,,,,,
,,,,,,
,,,,,,
,,,,,,
,,,,,,
,,,,,,
,,,,,,
,,,,,,
,,,,,,
,,,,,,
,,,,,,
,,,,,,
,,,,,,
,,,,,,
,,,,,,
,,,,,,
,,,,,,
,,,,,,
,,,,,,
,,,,,,
,,,,,,
,,,,,,
,,,,,,
,,,,,,
,,,,,,
,,,,,,
,,,,,,
,,,,,,
,,,,,,
,,,,,,
,,,,,,
,,,,,,
,,,,,,
,,,,,,
,,,,,,
,,,,,,
,,,,,,
,,,,,,
,,,,,,
,,,,,,
,,,,,,
,,,,,,
,,,,,,
,,,,,,
,,,,,,
,,,,,,
,,,,,,
,,,,,,